"0","Vehiculos_eficientes <- data %>% "
"0","  group_by(Tipov) %>%"
"0","  summarise(CostoDirecto = sum(Cst_Directo),"
"0","            CostoFijo = sum(Cst_Fijo),"
"0","            Factura = sum(factura),"
"0","            Ingreso = sum(Ingreso))"
"0",""
"0","ggdirectcost <- ggplot(Vehiculos_eficientes,aes(x = reorder(Tipov, CostoDirecto), y = CostoDirecto))+"
"0","  geom_bar(stat='identity', width = 0.5, fill = ""steelblue"")+"
"0","  geom_text(aes(label=CostoDirecto), vjust=0.5, color=""black"", size=4)+"
"0","  ggtitle(""Costo Directo por Unidad"")+"
"0","  labs(x = ""Unidad"", y = ""Cst. Directo"")+"
"0","  coord_flip()+"
"0","  theme_minimal()"
"0","ggdirectcost2 <- ggplotly(ggdirectcost)    "
"0","ggdirectcost2"
