{"chunk_definitions":[{"row":11,"row_count":1,"visible":true,"expansion_state":0,"options":{"engine":"r","label":"setup","include":false},"document_id":"A3AF60F4","chunk_id":"csetup_chunk","chunk_label":"setup"},{"row":122,"row_count":1,"visible":true,"expansion_state":0,"options":{"engine":"r","include":false,"label":"unnamed-chunk-3"},"document_id":"A3AF60F4","chunk_id":"cboar5plmifx8","chunk_label":"unnamed-chunk-1"},{"row":141,"row_count":1,"visible":true,"expansion_state":0,"options":{"engine":"r","label":"unnamed-chunk-4"},"document_id":"A3AF60F4","chunk_id":"che9zlm7fpzv4","chunk_label":"unnamed-chunk-2"},{"row":159,"row_count":1,"visible":true,"expansion_state":0,"options":{"engine":"r","label":"unnamed-chunk-5"},"document_id":"A3AF60F4","chunk_id":"ckki2xhera225","chunk_label":"unnamed-chunk-3"},{"row":178,"row_count":1,"visible":true,"expansion_state":0,"options":{"engine":"r","label":"unnamed-chunk-6"},"document_id":"A3AF60F4","chunk_id":"c876fbqjh77gm","chunk_label":"unnamed-chunk-4"},{"row":213,"row_count":1,"visible":true,"expansion_state":0,"options":{"engine":"r","label":"unnamed-chunk-7"},"document_id":"A3AF60F4","chunk_id":"cnpo9vtwq4tu5","chunk_label":"unnamed-chunk-5"},{"row":253,"row_count":1,"visible":true,"expansion_state":0,"options":{"engine":"r","label":"unnamed-chunk-8"},"document_id":"A3AF60F4","chunk_id":"cmpl9ondv1cpo","chunk_label":"unnamed-chunk-6"},{"row":281,"row_count":1,"visible":true,"expansion_state":0,"options":{"engine":"r","label":"unnamed-chunk-9"},"document_id":"A3AF60F4","chunk_id":"c3ur2h7vr0rgg","chunk_label":"unnamed-chunk-7"}],"doc_write_time":1634144069}