"0","actividadesef <- data %>% "
"0","  group_by(Cod) %>% "
"0","  summarise(costo = sum(Costo),"
"0","            Ingreso = sum(Ingreso),"
"0","            Cantidad = n(),"
"0","            relacion = sum(Ingreso)/Cantidad)"
"0","ggactingreso <- ggplot(actividadesef,aes(x = reorder(Cod, Ingreso), y = Ingreso))+"
"0","  geom_bar(stat='identity', width = 0.5, fill = ""steelblue"")+"
"0","  ggtitle(""Ingreso por Actividad"")+"
"0","  labs(x = ""Actividad"", y = ""Ingreso"")+"
"0","  coord_flip()+"
"0","  theme_minimal()"
"0","ggactingreso2 <- ggplotly(ggactingreso)"
"0","ggactingreso2"
