"0","distanciasefectivas <- data %>% "
"0","  group_by(Distancia) %>% "
"0","  summarise(Costo = sum(Costo),"
"0","            Ingreso = sum(Ingreso),"
"0","            Viajes = n(),"
"0","            Relacion = round(Ingreso/Viajes,2))"
"0",""
"0","ggdistanciasingreso <- ggplot(distanciasefectivas,aes(x = reorder(Distancia, Ingreso), y = Ingreso))+"
"0","  geom_bar(stat='identity', width = 0.5, fill = ""steelblue"")+"
"0","  geom_text(aes(label=Ingreso), vjust=0.5, color=""black"", size=4)+"
"0","  ggtitle(""Ingreso por Distancia"")+"
"0","  labs(x = ""Distancia"", y = ""Ingreso"")+"
"0","  coord_flip()+"
"0","  theme_minimal()"
"0","ggdistanciasingreso2 <- ggplotly(ggdistanciasingreso)"
"0","ggdistanciasingreso2"
